<?xml version="1.0" encoding="utf-8"?>
<demos>
    <type>simulink</type>
    <icon>HelpIcon.DEMOS</icon>
    <name>Model-Based Design Toolbox for S32K1xx</name>
    <description></description>
    <website><a href="http://www.nxp.com/mbdt">NXP's Model-Based Design Toolbox for S32K1xx Automotive Microprocessors Family Website</a></website>
        
        <demosection>
            <label>AUTOSAR Simulink Models</label>
            <demosection>
                <label>These are AUTOSAR CLASSIC Simulink Models that can be run in PIL Simulations directly on S32K1xx MCU.
                       Use these examples to learn how to test, validate and profile AUTOSAL Application Layer directly on NXP HW</label>
            </demosection>  
                      
            <demosection>
                <label>AUTOSAR PIL Examples</label>
                <demoitem>
                     <label>Simple Integrator</label>
                     <type>model</type>
                     <source>autosar_integrator_top_PIL</source>
                </demoitem>
                <demoitem>
                     <label>Multiple Runnables</label>
                     <type>model</type>
                     <source>autosar_multirunnables_top_PIL</source>
                </demoitem>
                <demoitem>
                     <label>Throttle Control Example</label>
                     <type>model</type>
                     <source>mbdt_autosar_system_top</source>
                </demoitem>                
            </demosection>                 
        </demosection>
        
        <demosection>
            <label>Generic Simulink Models</label>
            <demosection>
                <label>These are Generic Simulink Models that can be run on S32K1xx MCU.
                       Use these examples to learn how to test, validate and profile generic embedded applications directly on NXP HW.
                       These models can be easily ported to any of the NXP S32K1xx Evaluation Boards. Read the model info to learn more.</label>
            </demosection>  
            <demosection>
                <label>SIL Examples</label>
                <demoitem>
                     <label>SIL AMMCLIB</label>
                     <type>model</type>
                     <source>sim_sil_top_AMMCLIB_s32k1xx</source>
                </demoitem>
                <demoitem>
                     <label>SIL Trapezoidal Commutation</label>
                     <type>model</type>
                     <source>sim_sil_top_TrapezoidalCommutation_s32k1xx</source>
                </demoitem>
                <demoitem>
                     <label>SIL BLDC Control</label>
                     <type>model</type>
                     <source>sim_sil_top_BLDC_Commutation_s32k1xx</source>
                </demoitem>                
            </demosection>
            <demosection>
                <label>PIL Examples</label>
                <demoitem>
                     <label>PIL STREAM TEST</label>
                     <type>model</type>
                     <source>mbd_s32k_rtiostreamtest</source>
                </demoitem>
                <demoitem>
                     <label>PIL AMMCLIB</label>
                     <type>model</type>
                     <source>sim_pil_top_AMMCLIB_s32k1xx</source>
                </demoitem>
                <demoitem>
                     <label>PIL BLDC Control</label>
                     <type>model</type>
                     <source>sim_pil_top_BLDC_Commutation_s32k1xx</source>
                </demoitem>                
            </demosection>
            <demosection>
                <label>External Mode Examples</label>
                <demoitem>
                     <label>Extern Mode - Gauge Control</label>
                     <type>model</type>
                     <source>extmode_s32k1xx</source>
                </demoitem>                
            </demosection>
            <demosection>
                <label>Utilities Examples</label>
                <demoitem>
                     <label>Profiler - Measure Execution Cycles</label>
                     <type>model</type>
                     <source>profiler_s32k1xx</source>
                </demoitem>
                <demoitem>
                     <label>FreeMASTER - RECORDER and SCOPE over UART</label>
                     <type>model</type>
                     <source>fm_s32k1xx</source>
                </demoitem>
                <demoitem>
                     <label>FreeMASTER - RECORDER and SCOPE over CAN</label>
                     <type>model</type>
                     <source>fm_can_s32k1xx</source>
                </demoitem> 
                <demoitem>
                     <label>FreeMASTER - Data Visualization based on UART Polling</label>
                     <type>model</type>
                     <source>fm_polling_s32k1xx</source>
                </demoitem>
                <demoitem>
                     <label>Custom Initialization</label>
                     <type>model</type>
                     <source>custom_init_s32k1xx</source>
                </demoitem>                
            </demosection>
            <demosection>
                <label>Miscellaneous Appliation Examples</label>
                <demoitem>
                     <label>Incremental Encoder</label>
                     <type>model</type>
                     <source>ftm_incremental_encoder_s32k1xx</source>
                </demoitem>                
            </demosection>    
        </demosection>
        
        <demosection>
            <label>S32K11x MCU Simulink Models</label>
            <demosection>
                <label>These are Simulink Models that can run on S32K11x MCUs using standard development boards.
                       Use these examples to learn how to build applications for the S32K116 and S32K118 using various peripherals available.</label>
            </demosection>  
            <demosection>
                <label>General Purpose IO</label>
                <demoitem>
                    <label>Use LED and Push Buttons on S32K11x EVB</label>
                    <type>model</type>
                    <source>gpio_s32k11x</source>
                </demoitem>
                <demoitem>
                    <label>GPIO ISR Control</label>
                    <type>model</type>
                    <source>gpio_isr_control_s32k11x</source>
                </demoitem>
            </demosection>
            <demosection>
                <label>Core &amp; Systems</label>
                <demoitem>
                    <label>PMC Power Modes via GPIO</label>
                    <type>model</type>
                    <source>pmc_gpio_s32k11x</source>
                </demoitem>
                <demoitem>
                    <label>PMC Power Modes Callbacks</label>
                    <type>model</type>
                    <source>pmc_callbacks_s32k11x</source>
                </demoitem>
                <demoitem>
                    <label>PMC Very Low Power Run</label>
                    <type>model</type>
                    <source>pmc_vlpr_s32k11x</source>
                </demoitem>
                <demoitem>
                    <label>RTC Alarm</label>
                    <type>model</type>
                    <source>rtc_s32k11x</source>
                </demoitem>
                <demoitem>
                    <label>LPTMR Time Counter</label>
                    <type>model</type>
                    <source>lptmr_time_counter_s32k11x</source>
                </demoitem>
                <demoitem>
                    <label>LPTMR Pulse Counter</label>
                    <type>model</type>
                    <source>lptmr_pulse_counter_s32k11x</source>
                </demoitem>
                <demoitem>
                    <label>LPTMR Complex Time Counter</label>
                    <type>model</type>
                    <source>lptmr_complex_time_counter_s32k11x</source>
                </demoitem>
                <demoitem>
                    <label>EDMA Scatter Gather Transfer</label>
                    <type>model</type>
                    <source>edma_scatter_gather_transfer_s32k11x</source>
                </demoitem>
                <demoitem>
                    <label>EDMA Simple Single Block Transfer</label>
                    <type>model</type>
                    <source>edma_simple_single_block_transfer_s32k11x</source>
                </demoitem>
                <demoitem>
                    <label>FLASH EEEPROM Access RW</label>
                    <type>model</type>
                    <source>flash_eeeprom_s32k11x</source>
                </demoitem>
                <demoitem>
                    <label>WDOG Reset</label>
                    <type>model</type>
                    <source>wdog_s32k11x</source>
                </demoitem>
            </demosection>
            <demosection>
                <label>Analog</label>
                <demoitem>
                    <label>ADC Read Potentiometer</label>
                    <type>model</type>
                    <source>adc_software_trigger_s32k11x</source>
                </demoitem>
                <demoitem>
                    <label>ADC Interrupts</label>
                    <type>model</type>
                    <source>adc_isr_s32k11x</source>
                </demoitem>
                <demoitem>
                    <label>FTM PDB ADC Chaining</label>
                    <type>model</type>
                    <source>ftm_pdb_adc_chaining_s32k11x</source>
                </demoitem>
                <demoitem>
                    <label>CMP Compare Signals</label>
                    <type>model</type>
                    <source>cmp_s32k11x</source>
                </demoitem>
            </demosection>
            <demosection>
                <label>Hardware Timers</label>
                <demoitem>
                    <label>FTM Edge Aligned PWM</label>
                    <type>model</type>
                    <source>ftm_independent_pwm_s32k11x</source>
                </demoitem>
                <demoitem>
                    <label>FTM Complementary PWM</label>
                    <type>model</type>
                    <source>ftm_complementary_pwm_s32k11x</source>
                </demoitem>
                <demoitem>
                    <label>FTM Three Phase PWM</label>
                    <type>model</type>
                    <source>ftm_three_phase_pwm_s32k11x</source>
                </demoitem>
                <demoitem>
                    <label>FTM Edge Capture</label>
                    <type>model</type>
                    <source>ftm_input_capture_s32k11x</source>
                </demoitem>
                <demoitem>
                    <label>FTM Dual Edge Capture</label>
                    <type>model</type>
                    <source>ftm_dual_edge_s32k11x</source>
                </demoitem>
                <demoitem>
                    <label>FTM Quadrature Decoder Counter and Direction</label>
                    <type>model</type>
                    <source>ftm_qd_counter_s32k11x</source>
                </demoitem>
                <demoitem>
                    <label>FTM Quadrature Decoder Phase Mode</label>
                    <type>model</type>
                    <source>ftm_qd_phase_s32k11x</source>
                </demoitem>
                <demoitem>
                    <label>FTM Timer Overflow Interrupt</label>
                    <type>model</type>
                    <source>ftm_tof_s32k11x</source>
                </demoitem>
                <demoitem>
                    <label>PDB Interrupt</label>
                    <type>model</type>
                    <source>pdb_s32k11x</source>
                </demoitem>
                <demoitem>
                    <label>LPIT Interrupt</label>
                    <type>model</type>
                    <source>lpit_s32k11x</source>
                </demoitem>
                <demoitem>
                    <label>LPIT Start and Stop</label>
                    <type>model</type>
                    <source>lpit_s32k11x_start_stop</source>
                </demoitem>
                <demoitem>
                    <label>LPIT Enable Disable</label>
                    <type>model</type>
                    <source>lpit_s32k11x_enable_disable</source>
                </demoitem>
            </demosection>
            <demosection>
                <label>Communications Modules</label>
                <demoitem>
                    <label>CAN Traffic</label>
                    <type>model</type>
                    <source>flexcan_s32k11x</source>
                </demoitem>
                <demoitem>
                    <label>CAN Echo</label>
                    <type>model</type>
                    <source>flexcan_echo_s32k11x</source>
                </demoitem>
                <demoitem>
                    <label>CAN Loopback</label>
                    <type>model</type>
                    <source>flexcan_loopback_s32k11x</source>
                </demoitem>
                <demoitem>
                    <label>CAN Master XFER</label>
                    <type>model</type>
                    <source>flexcan_master_xfer_status_s32k11x</source>
                </demoitem>
                <demoitem>
                    <label>CAN FD Master Transfer</label>
                    <type>model</type>
                    <source>flexcan_can_fd_master_s32k11x</source>
                </demoitem>
                <demoitem>
                    <label>CAN FD Slave Transfer</label>
                    <type>model</type>
                    <source>flexcan_can_fd_slave_s32k11x</source>
                </demoitem>
                <demoitem>
                    <label>FlexIO I2C Master Transfer</label>
                    <type>model</type>
                    <source>fxio_i2c_master_tx_s32k11x</source>
                </demoitem>
                <demoitem>
                    <label>FlexIO I2C Master Receive</label>
                    <type>model</type>
                    <source>fxio_i2c_master_rx_s32k11x</source>
                </demoitem>
                <demoitem>
                    <label>FlexIO I2C Slave Transfer</label>
                    <type>model</type>
                    <source>fxio_i2c_slave_tx_s32k11x</source>
                </demoitem>
                <demoitem>
                    <label>FlexIO I2C Slave Receive</label>
                    <type>model</type>
                    <source>fxio_i2c_slave_rx_s32k11x</source>
                </demoitem>
                <demoitem>
                    <label>FlexIO UART Receive</label>
                    <type>model</type>
                    <source>fxio_uart_receive_isr_s32k11x</source>
                </demoitem>
                <demoitem>
                    <label>FlexIO UART Transfer</label>
                    <type>model</type>
                    <source>fxio_uart_transmit_isr_s32k11x</source>
                </demoitem>
                <demoitem>
                    <label>FlexIO SPI Master Transfer</label>
                    <type>model</type>
                    <source>fxio_spi_master_s32k11x</source>
                </demoitem>
                <demoitem>
                    <label>FlexIO SPI Slave Transfer</label>
                    <type>model</type>
                    <source>fxio_spi_slave_s32k11x</source>
                </demoitem>
                <demoitem>
                    <label>I2C Master Request</label>
                    <type>model</type>
                    <source>lpi2c_master_request_s32k11x</source>
                </demoitem>
                <demoitem>
                    <label>I2C Master Send</label>
                    <type>model</type>
                    <source>lpi2c_master_send_s32k11x</source>
                </demoitem>
                <demoitem>
                    <label>I2C Slave Receive</label>
                    <type>model</type>
                    <source>lpi2c_slave_recv_s32k11x</source>
                </demoitem>
                <demoitem>
                    <label>I2C Slave Send</label>
                    <type>model</type>
                    <source>lpi2c_master_send_s32k11x</source>
                </demoitem>
                <demoitem>
                    <label>SPI Master and Slave Ping Pong</label>
                    <type>model</type>
                    <source>lpspi_master_slave_s32k11x</source>
                </demoitem>
                <demoitem>
                    <label>UART Hello World</label>
                    <type>model</type>
                    <source>lpuart_hello_world_s32k11x</source>
                </demoitem>
                <demoitem>
                    <label>UART Echo</label>
                    <type>model</type>
                    <source>lpuart_s32k11x</source>
                </demoitem>    
            </demosection>
            <demosection>
                <label>Peripheral Brigde</label>
                <demoitem>
                    <label>Memory Access RW</label>
                    <type>model</type>
                    <source>memory_s32k11x</source>
                </demoitem>
                <demoitem>
                    <label>Register Access RW</label>
                    <type>model</type>
                    <source>rw_registers_s32k11x</source>
                </demoitem>
           </demosection>  
           <demosection>
                <label>Download in FLASH</label>
                <demoitem>
                    <label>S32K116 Download via Boot Loader over UART</label>
                    <type>model</type>
                    <source>flash_bam_download_s32k116</source>
                </demoitem>
                <demoitem>
                    <label>S32K118 Download via Boot Loader over UART</label>
                    <type>model</type>
                    <source>flash_bam_download_s32k118</source>
                </demoitem>
            </demosection>
            <demosection>
                <label>Automotive Math and Motor Control Library</label>
                <demoitem>
                    <label>AMCLIB Current Loop</label>
                    <type>model</type>
                    <source>ammclib_amclib_current_loop_s32k11x</source>
                </demoitem>
                <demoitem>
                    <label>AMCLIB Field Weakening</label>
                    <type>model</type>
                    <source>ammclib_amclib_field_weakening_s32k11x</source>
                </demoitem>
                <demoitem>
                    <label>AMCLIB FW Speed Loop</label>
                    <type>model</type>
                    <source>ammclib_amclib_FW_speed_loop_s32k11x</source>
                </demoitem>
                <demoitem>
                    <label>AMCLIB Observer F16</label>
                    <type>model</type>
                    <source>ammclib_amclib_observer_F16_s32k11x</source>
                </demoitem>
                <demoitem>
                    <label>AMCLIB Observer F32</label>
                    <type>model</type>
                    <source>ammclib_amclib_observer_F32_s32k11x</source>
                </demoitem>
                <demoitem>
                    <label>AMCLIB Speed Loop</label>
                    <type>model</type>
                    <source>ammclib_amclib_speed_loop_s32k11x</source>
                </demoitem>
                <demoitem>
                    <label>GDFLIB FIR</label>
                    <type>model</type>
                    <source>ammclib_gdflib_fir_s32k11x</source>
                </demoitem>
                <demoitem>
                    <label>GDFLIB IIR1</label>
                    <type>model</type>
                    <source>ammclib_gdflib_iir1_s32k11x</source>
                </demoitem>
                <demoitem>
                    <label>GDFLIB IIR2</label>
                    <type>model</type>
                    <source>ammclib_gdflib_iir2_s32k11x</source>
                </demoitem>
                <demoitem>
                    <label>GDFLIB MA</label>
                    <type>model</type>
                    <source>ammclib_gdflib_ma_s32k11x</source>
                </demoitem>
                <demoitem>
                    <label>GFLIB Limit</label>
                    <type>model</type>
                    <source>ammclib_gflib_limit_s32k11x</source>
                </demoitem>
                <demoitem>
                    <label>GFLIB LUT</label>
                    <type>model</type>
                    <source>ammclib_gflib_lut_s32k11x</source>
                </demoitem>
                <demoitem>
                    <label>GFLIB Miscellaneous</label>
                    <type>model</type>
                    <source>ammclib_gflib_miscellaneous_s32k11x</source>
                </demoitem>
                <demoitem>
                    <label>GFLIB PIP</label>
                    <type>model</type>
                    <source>ammclib_gflib_pip_s32k11x</source>
                </demoitem>
                <demoitem>
                    <label>GFLIB PIR</label>
                    <type>model</type>
                    <source>ammclib_gflib_pir_s32k11x</source>
                </demoitem>
                <demoitem>
                    <label>GFLIB Trigonometric</label>
                    <type>model</type>
                    <source>ammclib_gflib_trigonometric_s32k11x</source>
                </demoitem>
                <demoitem>
                    <label>GMCLIB FOC F16</label>
                    <type>model</type>
                    <source>ammclib_gmclib_foc_F16_s32k11x</source>
                </demoitem>
                <demoitem>
                    <label>GMCLIB FOC F32</label>
                    <type>model</type>
                    <source>ammclib_gmclib_foc_F32_s32k11x</source>
                </demoitem>
                <demoitem>
                    <label>MLIB ABS</label>
                    <type>model</type>
                    <source>ammclib_mlib_abs_s32k11x</source>
                </demoitem>
                <demoitem>
                    <label>MLIB ADD</label>
                    <type>model</type>
                    <source>ammclib_mlib_add_s32k11x</source>
                </demoitem>
                <demoitem>
                    <label>MLIB Convert</label>
                    <type>model</type>
                    <source>ammclib_mlib_convert_s32k11x</source>
                </demoitem>
                <demoitem>
                    <label>MLIB DIV</label>
                    <type>model</type>
                    <source>ammclib_mlib_div_s32k11x</source>
                </demoitem>
                <demoitem>
                    <label>MLIB MAC</label>
                    <type>model</type>
                    <source>ammclib_mlib_mac_s32k11x</source>
                </demoitem>
                <demoitem>
                    <label>MLIB MUL</label>
                    <type>model</type>
                    <source>ammclib_mlib_mul_s32k11x</source>
                </demoitem>
                <demoitem>
                    <label>MLIB NEG</label>
                    <type>model</type>
                    <source>ammclib_mlib_neg_s32k11x</source>
                </demoitem>
                <demoitem>
                    <label>MLIB NORM</label>
                    <type>model</type>
                    <source>ammclib_mlib_norm_s32k11x</source>
                </demoitem>
                <demoitem>
                    <label>MLIB RND</label>
                    <type>model</type>
                    <source>ammclib_mlib_rnd_s32k11x</source>
                </demoitem>
                <demoitem>
                    <label>MLIB SHBI</label>
                    <type>model</type>
                    <source>ammclib_mlib_shbi_s32k11x</source>
                </demoitem>
                <demoitem>
                    <label>MLIB SHL</label>
                    <type>model</type>
                    <source>ammclib_mlib_shbi_s32k11x</source>
                </demoitem>
                <demoitem>
                    <label>MLIB SHR</label>
                    <type>model</type>
                    <source>ammclib_mlib_shbi_s32k11x</source>
                </demoitem>
                <demoitem>
                    <label>MLIB SUB</label>
                    <type>model</type>
                    <source>ammclib_mlib_sub_s32k11x</source>
                </demoitem>
                <demoitem>
                    <label>MLIB VMAC</label>
                    <type>model</type>
                    <source>ammclib_mlib_vmac_s32k11x</source>
                </demoitem>
            </demosection> 
            <demosection>
                <label>Local Interconnect Network</label>
                <demoitem>
                    <label>LIN Master</label>
                    <type>model</type>
                    <source>lin_master_s32k11x</source>
                </demoitem>
                <demoitem>
                    <label>LIN Slave</label>
                    <type>model</type>
                    <source>lin_slave_s32k11x</source>
                </demoitem>
            </demosection>
            <demosection>
                <label>System Basis Chips</label>
                <demoitem>
                    <label>UJA1169 Control</label>
                    <type>model</type>
                    <source>sbc_uja1169_mode_control_s32k11x</source>
                </demoitem>
                <demoitem>
                    <label>UJA1169 RW Registers</label>
                    <type>model</type>
                    <source>sbc_uja1169_rw_reg_s32k11x</source>
                </demoitem>
            </demosection>            
        </demosection>
        
        <demosection>
            <label>S32K14x MCU Simulink Models</label>
            <demosection>
                <label>These are Simulink Models that can run on S32K14x MCUs using standard development boards.
                       Use these examples to learn how to build applications for the S32K142, S32K144, S32K146 and S32K118 using various peripherals available.</label>
            </demosection>  
            <demosection>
                <label>General Purpose IO</label>
                <demoitem>
                    <label>Use LED and Push Buttons on S32K142 EVB</label>
                    <type>model</type>
                    <source>gpio_s32k142</source>
                </demoitem>
                <demoitem>
                    <label>Use LED and Push Buttons on S32K144 EVB</label>
                    <type>model</type>
                    <source>gpio_s32k144</source>
                </demoitem>
                <demoitem>
                    <label>Use LED and Push Buttons on S32K146 EVB</label>
                    <type>model</type>
                    <source>gpio_s32k146</source>
                </demoitem>
                <demoitem>
                    <label>Use LED and Push Buttons on S32K148 EVB</label>
                    <type>model</type>
                    <source>gpio_s32k148</source>
                </demoitem>
                <demoitem>
                    <label>GPIO ISR Control</label>
                    <type>model</type>
                    <source>gpio_isr_control_s32k144</source>
                </demoitem>
            </demosection>
            <demosection>
                <label>Core &amp; Systems</label>
                <demoitem>
                    <label>PMC Power Modes via GPIO</label>
                    <type>model</type>
                    <source>pmc_gpio_s32k14x</source>
                </demoitem>
                <demoitem>
                    <label>PMC Power Modes Callbacks</label>
                    <type>model</type>
                    <source>pmc_callbacks_s32k14x</source>
                </demoitem>
                <demoitem>
                    <label>PMC Sleep on Exit</label>
                    <type>model</type>
                    <source>pmc_sleep_on_exit_s32k14x</source>
                </demoitem>
                <demoitem>
                    <label>PMC Very Low Power Run</label>
                    <type>model</type>
                    <source>pmc_vlpr_s32k14x</source>
                </demoitem>
                <demoitem>
                    <label>RTC Alarm</label>
                    <type>model</type>
                    <source>rtc_s32k14x</source>
                </demoitem>
                <demoitem>
                    <label>LPTMR Time Counter</label>
                    <type>model</type>
                    <source>lptmr_time_counter_s32k14x</source>
                </demoitem>
                <demoitem>
                    <label>LPTMR Pulse Counter</label>
                    <type>model</type>
                    <source>lptmr_pulse_counter_s32k14x</source>
                </demoitem>
                <demoitem>
                    <label>LPTMR Complex Time Counter</label>
                    <type>model</type>
                    <source>lptmr_complex_time_counter_s32k14x</source>
                </demoitem>
                <demoitem>
                    <label>EDMA Scatter Gather Transfer</label>
                    <type>model</type>
                    <source>edma_scatter_gather_transfer_s32k14x</source>
                </demoitem>
                <demoitem>
                    <label>EDMA Simple Single Block Transfer</label>
                    <type>model</type>
                    <source>edma_simple_single_block_transfer_s32k14x</source>
                </demoitem>
                <demoitem>
                    <label>EDMA Block Transfer and Profiling</label>
                    <type>model</type>
                    <source>edma_single_block_transfer_profiling_s32k14x</source>
                </demoitem>
                <demoitem>
                    <label>FLASH EEEPROM Access RW</label>
                    <type>model</type>
                    <source>flash_eeeprom_s32k14x</source>
                </demoitem>
                <demoitem>
                    <label>WDOG Reset</label>
                    <type>model</type>
                    <source>wdog_s32k14x</source>
                </demoitem>
                <demoitem>
                    <label>CSEC Encryption and Decryption</label>
                    <type>model</type>
                    <source>csec_keyconfig_s32k14x</source>
                </demoitem>
            </demosection>
            <demosection>
                <label>Analog</label>
                <demoitem>
                    <label>ADC Read Potentiometer</label>
                    <type>model</type>
                    <source>adc_software_trigger_s32k14x</source>
                </demoitem>
                <demoitem>
                    <label>ADC Hardware Interrupts</label>
                    <type>model</type>
                    <source>adc_pdb_trigger_s32k14x</source>
                </demoitem>
                <demoitem>
                    <label>ADC Software Interrupts</label>
                    <type>model</type>
                    <source>adc_isr_s32k14x</source>
                </demoitem>
                <demoitem>
                    <label>FTM PDB ADC Chaining</label>
                    <type>model</type>
                    <source>ftm_pdb_adc_chaining_s32k14x</source>
                </demoitem>
                <demoitem>
                    <label>CMP Compare Signals</label>
                    <type>model</type>
                    <source>cmp_s32k14x</source>
                </demoitem>
            </demosection>
            <demosection>
                <label>Hardware Timers</label>
                <demoitem>
                    <label>FTM Edge Aligned PWM</label>
                    <type>model</type>
                    <source>ftm_independent_pwm_s32k14x</source>
                </demoitem>
                <demoitem>
                    <label>FTM Complementary PWM</label>
                    <type>model</type>
                    <source>ftm_complementary_pwm_s32k14x</source>
                </demoitem>
                <demoitem>
                    <label>FTM Three Phase PWM</label>
                    <type>model</type>
                    <source>ftm_three_phase_pwm_s32k14x</source>
                </demoitem>
                <demoitem>
                    <label>FTM Edge Capture</label>
                    <type>model</type>
                    <source>ftm_input_capture_s32k14x</source>
                </demoitem>
                <demoitem>
                    <label>FTM Dual Edge Capture</label>
                    <type>model</type>
                    <source>ftm_dual_edge_s32k14x</source>
                </demoitem>
                <demoitem>
                    <label>FTM Quadrature Decoder Counter and Direction</label>
                    <type>model</type>
                    <source>ftm_qd_counter_s32k14x</source>
                </demoitem>
                <demoitem>
                    <label>FTM Quadrature Decoder Phase Mode</label>
                    <type>model</type>
                    <source>ftm_qd_phase_s32k14x</source>
                </demoitem>
                <demoitem>
                    <label>FTM Timer Overflow Interrupt</label>
                    <type>model</type>
                    <source>ftm_tof_s32k14x</source>
                </demoitem>
                <demoitem>
                    <label>PDB Interrupt</label>
                    <type>model</type>
                    <source>pdb_s32k14x</source>
                </demoitem>
                <demoitem>
                    <label>LPIT Interrupt</label>
                    <type>model</type>
                    <source>lpit_s32k14x</source>
                </demoitem>
                <demoitem>
                    <label>LPIT Start and Stop</label>
                    <type>model</type>
                    <source>lpit_s32k14x_start_stop</source>
                </demoitem>
                <demoitem>
                    <label>LPIT Enable Disable</label>
                    <type>model</type>
                    <source>lpit_s32k14x_enable_disable</source>
                </demoitem>
                <demoitem>
                    <label>FTM Hall Sensor</label>
                    <type>model</type>
                    <source>ftm_hall_sensor_s32k14x</source>
                </demoitem>
                <demoitem>
                    <label>FTM Hall Sensor Timer Overflow</label>
                    <type>model</type>
                    <source>ftm_hall_sensor_tof_s32k14x</source>
                </demoitem>
            </demosection>
            <demosection>
                <label>Communications Modules</label>
                <demoitem>
                    <label>CAN Traffic</label>
                    <type>model</type>
                    <source>flexcan_s32k14x</source>
                </demoitem>
                <demoitem>
                    <label>CAN Echo</label>
                    <type>model</type>
                    <source>flexcan_echo_s32k14x</source>
                </demoitem>
                <demoitem>
                    <label>CAN Pretended Networking</label>
                    <type>model</type>
                    <source>flexcan_pnet_s32k14x</source>
                </demoitem>
                <demoitem>
                    <label>CAN Master XFER</label>
                    <type>model</type>
                    <source>flexcan_master_xfer_status_s32k14x</source>
                </demoitem>
                <demoitem>
                    <label>CAN FD Master Transfer</label>
                    <type>model</type>
                    <source>flexcan_can_fd_master_s32k14x</source>
                </demoitem>
                <demoitem>
                    <label>CAN FD Slave Transfer</label>
                    <type>model</type>
                    <source>flexcan_can_fd_slave_s32k14x</source>
                </demoitem>
                <demoitem>
                    <label>CAN Encrypted Master</label>
                    <type>model</type>
                    <source>flexcan_encrypted_master_s32k14x</source>
                </demoitem>
                <demoitem>
                    <label>CAN Encrypted Slave</label>
                    <type>model</type>
                    <source>flexcan_encrypted_slave_s32k14x</source>
                </demoitem>
                <demoitem>
                    <label>CAN Communications with FreeMASTER Data Visualization over CAN</label>
                    <type>model</type>
                    <source>flexcan_and_fm_over_can_s32k14x</source>
                </demoitem>
 		        <demoitem>
                    <label>CAN Abort Transfer</label>
                    <type>model</type>
                    <source>flexcan_abort_transfer_s32k14x</source>
                </demoitem>
                <demoitem>
                    <label>FlexIO I2C Master Transfer</label>
                    <type>model</type>
                    <source>fxio_i2c_master_tx_s32k14x</source>
                </demoitem>
                <demoitem>
                    <label>FlexIO I2C Master Receive</label>
                    <type>model</type>
                    <source>fxio_i2c_master_rx_s32k14x</source>
                </demoitem>
                <demoitem>
                    <label>FlexIO I2C Slave Transfer</label>
                    <type>model</type>
                    <source>fxio_i2c_slave_tx_s32k14x</source>
                </demoitem>
                <demoitem>
                    <label>FlexIO I2C Slave Receive</label>
                    <type>model</type>
                    <source>fxio_i2c_slave_rx_s32k14x</source>
                </demoitem>
                <demoitem>
                    <label>FlexIO UART Hello World</label>
                    <type>model</type>
                    <source>fxio_uart_hello_world_s32k14x</source>
                </demoitem>
                <demoitem>
                    <label>FlexIO UART Receive</label>
                    <type>model</type>
                    <source>fxio_uart_receive_isr_s32k14x</source>
                </demoitem>
                <demoitem>
                    <label>FlexIO UART Transfer</label>
                    <type>model</type>
                    <source>fxio_uart_transmit_isr_s32k14x</source>
                </demoitem>
                <demoitem>
                    <label>FlexIO SPI Master Transfer Blocking</label>
                    <type>model</type>
                    <source>fxio_spi_master_blocking_s32k14x</source>
                </demoitem>
                <demoitem>
                    <label>FlexIO SPI Master Transfer Non-Blocking</label>
                    <type>model</type>
                    <source>fxio_spi_master_non_blocking_s32k14x</source>
                </demoitem>
                <demoitem>
                    <label>FlexIO SPI Slave Transfer Blocking</label>
                    <type>model</type>
                    <source>fxio_spi_slave_blocking_s32k14x</source>
                </demoitem>
                <demoitem>
                    <label>FlexIO SPI Slave Transfer Non Blocking</label>
                    <type>model</type>
                    <source>fxio_spi_slave_non_blocking_s32k14x</source>
                </demoitem>
                <demoitem>
                    <label>I2C Master Request</label>
                    <type>model</type>
                    <source>lpi2c_master_request_s32k14x</source>
                </demoitem>
                <demoitem>
                    <label>I2C Master Send</label>
                    <type>model</type>
                    <source>lpi2c_master_send_s32k14x</source>
                </demoitem>
                <demoitem>
                    <label>I2C Slave Receive</label>
                    <type>model</type>
                    <source>lpi2c_slave_recv_s32k14x</source>
                </demoitem>
                <demoitem>
                    <label>I2C Slave Send</label>
                    <type>model</type>
                    <source>lpi2c_master_send_s32k14x</source>
                </demoitem>
                <demoitem>
                    <label>SPI Master and Slave Ping Pong</label>
                    <type>model</type>
                    <source>lpspi_master_slave_s32k14x</source>
                </demoitem>
                <demoitem>
                    <label>UART Hello World</label>
                    <type>model</type>
                    <source>lpuart_hello_world_s32k14x</source>
                </demoitem>
                <demoitem>
                    <label>UART Echo</label>
                    <type>model</type>
                    <source>lpuart_s32k14x</source>
                </demoitem>
                <demoitem>
                    <label>UART Relay</label>
                    <type>model</type>
                    <source>lpuart_relay_s32k14x</source>
                </demoitem> 
                <demoitem>
                    <label>UART Change Baudrate</label>
                    <type>model</type>
                    <source>lpuart_change_baudrate_s32k14x</source>
                </demoitem>
            </demosection>
            <demosection>
                <label>Peripheral Brigde</label>
                <demoitem>
                    <label>Memory Access RW</label>
                    <type>model</type>
                    <source>memory_s32k14x</source>
                </demoitem>
                <demoitem>
                    <label>Register Access RW</label>
                    <type>model</type>
                    <source>rw_registers_s32k14x</source>
                </demoitem>
           </demosection>  
           <demosection>
                <label>Download in RAM</label>
                <demoitem>
                    <label>S32K144 Download via Boot Loader over UART</label>
                    <type>model</type>
                    <source>ram_bam_download_s32k144</source>
                </demoitem>
                <demoitem>
                    <label>S32K146 Download via Boot Loader over UART</label>
                    <type>model</type>
                    <source>ram_bam_download_s32k146</source>
                </demoitem>
                <demoitem>
                    <label>S32K148 Download via Boot Loader over UART</label>
                    <type>model</type>
                    <source>ram_bam_download_s32k148</source>
                </demoitem> 
            </demosection>
            <demosection>
                <label>Download in FLASH</label>
                <demoitem>
                    <label>S32K142 Download via Boot Loader over UART</label>
                    <type>model</type>
                    <source>flash_bam_download_s32k142</source>
                </demoitem>
                <demoitem>
                    <label>S32K144 Download via Boot Loader over UART</label>
                    <type>model</type>
                    <source>flash_bam_download_s32k144</source>
                </demoitem>
                <demoitem>
                    <label>S32K146 Download via Boot Loader over UART</label>
                    <type>model</type>
                    <source>flash_bam_download_s32k146</source>
                </demoitem>
                <demoitem>
                    <label>S32K148 Download via Boot Loader over UART</label>
                    <type>model</type>
                    <source>flash_bam_download_s32k148</source>
                </demoitem> 
            </demosection>
            <demosection>
                <label>Automotive Math and Motor Control Library</label>
                <demoitem>
                    <label>AMCLIB Current Loop</label>
                    <type>model</type>
                    <source>ammclib_amclib_current_loop_s32k14x</source>
                </demoitem>
                <demoitem>
                    <label>AMCLIB Field Weakening</label>
                    <type>model</type>
                    <source>ammclib_amclib_field_weakening_s32k14x</source>
                </demoitem>
                <demoitem>
                    <label>AMCLIB FW Speed Loop</label>
                    <type>model</type>
                    <source>ammclib_amclib_FW_speed_loop_s32k14x</source>
                </demoitem>
                <demoitem>
                    <label>AMCLIB Observer F16</label>
                    <type>model</type>
                    <source>ammclib_amclib_observer_F16_s32k14x</source>
                </demoitem>
                <demoitem>
                    <label>AMCLIB Observer F32</label>
                    <type>model</type>
                    <source>ammclib_amclib_observer_F32_s32k14x</source>
                </demoitem>
                <demoitem>
                    <label>AMCLIB Observer FLT</label>
                    <type>model</type>
                    <source>ammclib_amclib_observer_FLT_s32k14x</source>
                </demoitem>
                <demoitem>
                    <label>AMCLIB Speed Loop</label>
                    <type>model</type>
                    <source>ammclib_amclib_speed_loop_s32k14x</source>
                </demoitem>
                <demoitem>
                    <label>GDFLIB FIR</label>
                    <type>model</type>
                    <source>ammclib_gdflib_fir_s32k14x</source>
                </demoitem>
                <demoitem>
                    <label>GDFLIB IIR1</label>
                    <type>model</type>
                    <source>ammclib_gdflib_iir1_s32k14x</source>
                </demoitem>
                <demoitem>
                    <label>GDFLIB IIR2</label>
                    <type>model</type>
                    <source>ammclib_gdflib_iir2_s32k14x</source>
                </demoitem>
                <demoitem>
                    <label>GDFLIB MA</label>
                    <type>model</type>
                    <source>ammclib_gdflib_ma_s32k14x</source>
                </demoitem>
                <demoitem>
                    <label>GFLIB Limit</label>
                    <type>model</type>
                    <source>ammclib_gflib_limit_s32k14x</source>
                </demoitem>
                <demoitem>
                    <label>GFLIB LOG</label>
                    <type>model</type>
                    <source>ammclib_gflib_log_s32k14x</source>
                </demoitem>
                <demoitem>
                    <label>GFLIB LUT</label>
                    <type>model</type>
                    <source>ammclib_gflib_lut_s32k14x</source>
                </demoitem>
                <demoitem>
                    <label>GFLIB Miscellaneous</label>
                    <type>model</type>
                    <source>ammclib_gflib_miscellaneous_s32k14x</source>
                </demoitem>
                <demoitem>
                    <label>GFLIB PIP</label>
                    <type>model</type>
                    <source>ammclib_gflib_pip_s32k14x</source>
                </demoitem>
                <demoitem>
                    <label>GFLIB PIR</label>
                    <type>model</type>
                    <source>ammclib_gflib_pir_s32k14x</source>
                </demoitem>
                <demoitem>
                    <label>GFLIB Trigonometric</label>
                    <type>model</type>
                    <source>ammclib_gflib_trigonometric_s32k14x</source>
                </demoitem>
                <demoitem>
                    <label>GMCLIB FOC F16</label>
                    <type>model</type>
                    <source>ammclib_gmclib_foc_F16_s32k14x</source>
                </demoitem>
                <demoitem>
                    <label>GMCLIB FOC F32</label>
                    <type>model</type>
                    <source>ammclib_gmclib_foc_F32_s32k14x</source>
                </demoitem>
                <demoitem>
                    <label>GMCLIB FOC FLT</label>
                    <type>model</type>
                    <source>ammclib_gmclib_foc_FLT_s32k14x</source>
                </demoitem>
                <demoitem>
                    <label>MLIB ABS</label>
                    <type>model</type>
                    <source>ammclib_mlib_abs_s32k14x</source>
                </demoitem>
                <demoitem>
                    <label>MLIB ADD</label>
                    <type>model</type>
                    <source>ammclib_mlib_add_s32k14x</source>
                </demoitem>
                <demoitem>
                    <label>MLIB Convert</label>
                    <type>model</type>
                    <source>ammclib_mlib_convert_s32k14x</source>
                </demoitem>
                <demoitem>
                    <label>MLIB DIV</label>
                    <type>model</type>
                    <source>ammclib_mlib_div_s32k14x</source>
                </demoitem>
                <demoitem>
                    <label>MLIB MAC</label>
                    <type>model</type>
                    <source>ammclib_mlib_mac_s32k14x</source>
                </demoitem>
                <demoitem>
                    <label>MLIB MUL</label>
                    <type>model</type>
                    <source>ammclib_mlib_mul_s32k14x</source>
                </demoitem>
                <demoitem>
                    <label>MLIB NEG</label>
                    <type>model</type>
                    <source>ammclib_mlib_neg_s32k14x</source>
                </demoitem>
                <demoitem>
                    <label>MLIB NORM</label>
                    <type>model</type>
                    <source>ammclib_mlib_norm_s32k14x</source>
                </demoitem>
                <demoitem>
                    <label>MLIB RND</label>
                    <type>model</type>
                    <source>ammclib_mlib_rnd_s32k14x</source>
                </demoitem>
                <demoitem>
                    <label>MLIB SHBI</label>
                    <type>model</type>
                    <source>ammclib_mlib_shbi_s32k14x</source>
                </demoitem>
                <demoitem>
                    <label>MLIB SHL</label>
                    <type>model</type>
                    <source>ammclib_mlib_shbi_s32k14x</source>
                </demoitem>
                <demoitem>
                    <label>MLIB SHR</label>
                    <type>model</type>
                    <source>ammclib_mlib_shbi_s32k14x</source>
                </demoitem>
                <demoitem>
                    <label>MLIB SUB</label>
                    <type>model</type>
                    <source>ammclib_mlib_sub_s32k14x</source>
                </demoitem>
                <demoitem>
                    <label>MLIB VMAC</label>
                    <type>model</type>
                    <source>ammclib_mlib_vmac_s32k14x</source>
                </demoitem>
            </demosection> 
            <demosection>
                <label>Motor Control</label>
                <demoitem>
                    <label>BLDC Open Loop</label>
                    <type>model</type>
                    <source>BLDC_OpenLoop_s32k144</source>
                </demoitem>
                <demoitem>
                    <label>BLDC Closed Loop Speed Control</label>
                    <type>model</type>
                    <source>BLDC_ClosedLoop_s32k144</source>
                </demoitem>
                <demoitem>
                    <label>PMSM Open Loop</label>
                    <type>model</type>
                    <source>PMSM_OpenLoop_s32k144</source>
                </demoitem>
                <demoitem>
                    <label>PMSM Closed Loop Speed Control</label>
                    <type>model</type>
                    <source>PMSM_ClosedLoop_s32k144</source>
                </demoitem>
            </demosection> 
            <demosection>
                <label>Local Interconnect Network</label>
                <demoitem>
                    <label>LIN Master</label>
                    <type>model</type>
                    <source>lin_master_s32k14x</source>
                </demoitem>
                <demoitem>
                    <label>LIN Slave</label>
                    <type>model</type>
                    <source>lin_slave_s32k14x</source>
                </demoitem>
            </demosection>
            <demosection>
            <label>Battery Management System</label>
                <demoitem>
                    <label>MC33772B SPI S32K</label>
                    <type>model</type>
                    <source>bms_s32k_mc33772b_spi</source>
                </demoitem>
                <demoitem>
                    <label>MC33772B TPL S32K</label>
                    <type>model</type>
                    <source>bms_s32k_mc33772b_tpl</source>
                </demoitem>
                <demoitem>
                    <label>MC33771C MC33772C TPL DUAL</label>
                    <type>model</type>
                    <source>bms_s32k_mc3377xc_tpl_dual</source>
                </demoitem>
                <demoitem>
                    <label>MC33771C SPI S32K</label>
                    <type>model</type>
                    <source>bms_s32k_mc33771c_spi</source>
                </demoitem>
                <demoitem>
                    <label>MC33772C TPL S32K</label>
                    <type>model</type>
                    <source>bms_s32k_mc33772c_tpl</source>
                </demoitem>
            </demosection>
            <demosection>
                <label>System Basis Chip</label>
                 <demoitem>
                    <label>SBC UJA 1169 FlexCAN</label>
                    <type>model</type>
                    <source>sbc_uja1169_flexcan_s32k14x</source>
                </demoitem>
                 <demoitem>
                    <label>SBC UJA 113x FlexCAN</label>
                    <type>model</type>
                    <source>sbc_uja113x_flexcan_s32k148</source>
                </demoitem>
                <demoitem>
                    <label>SBC UJA 1169 Control Modes</label>
                    <type>model</type>
                    <source>sbc_uja1169_mode_control_s32k14x</source>
                </demoitem>
                <demoitem>
                    <label>SBC UJA 113x Control Modes</label>
                    <type>model</type>
                    <source>sbc_uja113x_mode_control_s32k148</source>
                </demoitem>
                <demoitem>
                    <label>SBC UJA 1169 Write Registers</label>
                    <type>model</type>
                    <source>sbc_uja1169_write_reg_s32k14x</source>
                </demoitem>
                <demoitem>
                    <label>SBC UJA 1169 RW Registers</label>
                    <type>model</type>
                    <source>sbc_uja1169_rw_reg_s32k14x</source>
                </demoitem>
                <demoitem>
                    <label>SBC UJA 113x RW Registers</label>
                    <type>model</type>
                    <source>sbc_uja113x_rw_reg_s32k148</source>
                </demoitem>
            </demosection>
            <demosection>
                <label>Motor and Solenoid Drivers</label>
                <demoitem>
                    <label>TPP Functional Model</label>
                    <type>model</type>
                    <source>tpp_functional_mode</source>
                </demoitem>
                <demoitem>
                    <label>TPP Configuration</label>
                    <type>model</type>
                    <source>tpp_config_interrupt_read_write_register</source>
                </demoitem>
            </demosection>
            <demosection>
                <label>MR-BMS 771</label>
                <demoitem>
                    <label>MR-BMS 771 APP</label>
                    <type>model</type>
                    <source>mr_bms771_bms_app</source>
                </demoitem>
				<demoitem>
                    <label>MR-BMS 771 Bring Up Demo</label>
                    <type>model</type>
                    <source>mr_bms771_demo</source>
                </demoitem>
            </demosection>
			<demosection>
                <label>RDDRONE - BMS772</label>
                <demoitem>
                    <label>RDDRONE BMS APP</label>
                    <type>model</type>
                    <source>rddrone_bms_app</source>
                </demoitem>
				<demoitem>
                    <label>RDDRONE Toggle LED</label>
                    <type>model</type>
                    <source>rddrone_led</source>
                </demoitem>
                <demoitem>
                    <label>RDDRONE FlexCAN</label>
                    <type>model</type>
                    <source>rddrone_flexcan</source>
                </demoitem>
                <demoitem>
                    <label>RDDRONE BMS GateDriver</label>
                    <type>model</type>
                    <source>rddrone_bms_gatedriver</source>
                </demoitem>
                <demoitem>
                    <label>RDDRONE LCD</label>
                    <type>model</type>
                    <source>rddrone_lcd</source>
                </demoitem>
            </demosection> 
        </demosection>
        
</demos>